{"skeleton":{"images":"images/"},"bones":[{"name":"root"}],"slots":[	{"name":"sticker-shadow","bone":"root","attachment":"sticker-shadow"},	{"name":"sticker-ear","bone":"root","attachment":"sticker-ear"},	{"name":"sticker-eyes","bone":"root","attachment":"sticker-eyes"},	{"name":"sticker-eyes-shadow","bone":"root","attachment":"sticker-eyes-shadow"},	{"name":"sticker-pupil-1","bone":"root","attachment":"sticker-pupil-1"},	{"name":"sticker-pupil-2","bone":"root","attachment":"sticker-pupil-2"},	{"name":"sticker-body","bone":"root","attachment":"sticker-body"},	{"name":"sticker-eyelid-1","bone":"root","attachment":"sticker-eyelid-1"},	{"name":"sticker-eyelid-2","bone":"root","attachment":"sticker-eyelid-2"},	{"name":"sticker-nose","bone":"root","attachment":"sticker-nose"},	{"name":"sticker-colar-bone","bone":"root","attachment":"sticker-colar-bone"},	{"name":"sticker-colar","bone":"root","attachment":"sticker-colar"}],"skins":{	"default":{		"sticker-colar":{"sticker-colar":{"x":215.5,"y":178,"width":285,"height":110}},		"sticker-colar-bone":{"sticker-colar-bone":{"x":270,"y":117.5,"width":58,"height":47}},		"sticker-nose":{"sticker-nose":{"x":257,"y":379.5,"width":324,"height":217}},		"sticker-eyelid-2":{"sticker-eyelid-2":{"x":271.5,"y":494,"width":75,"height":98}},		"sticker-eyelid-1":{"sticker-eyelid-1":{"x":198.5,"y":486,"width":83,"height":106}},		"sticker-body":{"sticker-body":{"x":227,"y":407.5,"width":454,"height":815}},		"sticker-pupil-2":{"sticker-pupil-2":{"x":261.5,"y":485,"width":35,"height":58}},		"sticker-pupil-1":{"sticker-pupil-1":{"x":190.5,"y":476,"width":45,"height":66}},		"sticker-eyes-shadow":{"sticker-eyes-shadow":{"x":224,"y":508.5,"width":140,"height":69}},		"sticker-eyes":{"sticker-eyes":{"x":232,"y":493,"width":156,"height":120}},		"sticker-ear":{"sticker-ear":{"x":248.5,"y":662.5,"width":113,"height":319}},		"sticker-shadow":{"sticker-shadow":{"x":154,"y":14,"width":308,"height":28}}	}},"animations":{"animation":{}}}